Psychonaut 4,Alcoholism,Dipsomania,blackmetal,Psychonaut 4,/home/user/OldMusic/dipsomania/Psychonaut 4 - Alcoholism [42424250].mp3
Psychonaut 4,Beware the Silence,Dipsomania,blackmetal,Psychonaut 4,/home/user/OldMusic/dipsomania/Psychonaut 4 - Beware the Silence [42424246].mp3
Psychonaut 4,Don't Leave the Room,Dipsomania,blackmetal,Psychonaut 4,/home/user/OldMusic/dipsomania/Psychonaut 4 - Don't Leave the Room [42424248].mp3
Psychonaut 4,Eyes of a Homeless Dog,Dipsomania,blackmetal,Psychonaut 4,/home/user/OldMusic/dipsomania/Psychonaut 4 - Eyes of a Homeless Dog [42424255].mp3
Psychonaut 4,How Much for the Hope?,Dipsomania,blackmetal,Psychonaut 4,/home/user/OldMusic/dipsomania/Psychonaut 4 - How Much for the Hope？ [42424253].mp3
Psychonaut 4,Intro,Dipsomania,blackmetal,Psychonaut 4,/home/user/OldMusic/dipsomania/Psychonaut 4 - Intro [42424245].mp3
Psychonaut 4,Moldy,Dipsomania,blackmetal,Psychonaut 4,/home/user/OldMusic/dipsomania/Psychonaut 4 - Moldy [42424254].mp3
Psychonaut 4,Pain Dealer,Dipsomania,blackmetal,Psychonaut 4,/home/user/OldMusic/dipsomania/Psychonaut 4 - Pain Dealer [42424249].mp3
Psychonaut 4,Personal Forest,Dipsomania,blackmetal,Psychonaut 4,/home/user/OldMusic/dipsomania/Psychonaut 4 - Personal Forest [42424247].mp3
Psychonaut 4,Personal Forest,Dipsomania,blackmetal,Psychonaut 4,/home/user/OldMusic/dipsomania/Psychonaut 4 - Personal Forest [42424256].mp3
Psychonaut 4,Suicide Is Legal,Dipsomania,blackmetal,Psychonaut 4,/home/user/OldMusic/dipsomania/Psychonaut 4 - Suicide Is Legal [42424251].mp3
Psychonaut 4,We Will Never Find the Cure,Dipsomania,blackmetal,Psychonaut 4,/home/user/OldMusic/dipsomania/Psychonaut 4 - We Will Never Find the Cure [42424252].mp3
"bxkq, Hardx",Aria Math,Aria Math,alternative,"bxkq, Hardx","/home/user/OldMusic/dipsomania/bxkq, Hardx - Aria Math [108857030].mp3"
I'm Still Standing,Neco arc [ai cover] [o5PzQlU1ZaI],undefined,undefined,undefined,/home/user/OldMusic/neco-covers/I'm Still Standing - Neco arc [ai cover] [o5PzQlU1ZaI].opus
Neco Arc,2000 баксов за сигарету (AI Cover) [cmmUpwQ9tGo],undefined,undefined,undefined,/home/user/OldMusic/neco-covers/Neco Arc - 2000 баксов за сигарету (AI Cover) [cmmUpwQ9tGo].opus
Neco Arc,Falling Behind,undefined,undefined,undefined,/home/user/OldMusic/neco-covers/Neco Arc - Falling Behind.mp3
Neco Arc,Night Witches (Sabaton ai cover) [O-F2rdgcdQk],undefined,undefined,undefined,/home/user/OldMusic/neco-covers/Neco Arc - Night Witches (Sabaton ai cover) [O-F2rdgcdQk].opus
Neco Arc,Белая ночь [ Ai Cover ] [dc37kHXiaBE],undefined,undefined,undefined,/home/user/OldMusic/neco-covers/Neco Arc - Белая ночь [ Ai Cover ] [dc37kHXiaBE].opus
Neco Arc,Бесприданница (Neco Arc AI Cover) [L2sd6yhWcWQ],undefined,undefined,undefined,/home/user/OldMusic/neco-covers/Neco Arc - Бесприданница (Neco Arc AI Cover) [L2sd6yhWcWQ].opus
Neco Arc,В поле с конём (AI Cover) [1TVFhRZwbcg],undefined,undefined,undefined,/home/user/OldMusic/neco-covers/Neco Arc - В поле с конём (AI Cover) [1TVFhRZwbcg].opus
Neco Arc,Все идет по плану (AI COVER) [ae-A7whTznc],undefined,undefined,undefined,/home/user/OldMusic/neco-covers/Neco Arc - Все идет по плану (AI COVER) [ae-A7whTznc].opus
Neco Arc,Дуло (AI Cover) [qTA3SSJZv5c],undefined,undefined,undefined,/home/user/OldMusic/neco-covers/Neco Arc - Дуло (AI Cover) [qTA3SSJZv5c].opus
Neco Arc,Закрой за мной дверь (Neco Arc AI Cover) [ZAPbNAoT1Dg],undefined,undefined,undefined,/home/user/OldMusic/neco-covers/Neco Arc - Закрой за мной дверь (Neco Arc AI Cover) [ZAPbNAoT1Dg].opus
Neco Arc,Пластинки (AI Cover) [OcBLIbgwqH8],undefined,undefined,undefined,/home/user/OldMusic/neco-covers/Neco Arc - Пластинки (AI Cover) [OcBLIbgwqH8].opus
Neco Arc(Клуб квант),Виталя(AI Cover) [MC_JQajBKro],undefined,undefined,undefined,/home/user/OldMusic/neco-covers/Neco Arc(Клуб квант) - Виталя(AI Cover) [MC_JQajBKro].opus
"Neco Arc, Senko San",Барбисайз (Ai Cover) [Uml2JudAfWs],undefined,undefined,undefined,"/home/user/OldMusic/neco-covers/Neco Arc, Senko San - Барбисайз (Ai Cover) [Uml2JudAfWs].opus"
unknown,Neco Arc-In the End Linkin Park [U1zDp9923PU],undefined,undefined,undefined,/home/user/OldMusic/neco-covers/Neco Arc-In the End Linkin Park [U1zDp9923PU].opus
Neco arc,Луч солнца золотого (ai cover) [acJIC_2Vyi0],undefined,undefined,undefined,/home/user/OldMusic/neco-covers/Neco arc - Луч солнца золотого (ai cover) [acJIC_2Vyi0].opus
unknown,Neco-Arc — Запрети мне смотреть Бэбэя (AI Cover) или приключения Неко-Арк в Стерлипариже [wScHSv57naU],undefined,undefined,undefined,/home/user/OldMusic/neco-covers/Neco-Arc — Запрети мне смотреть Бэбэя (AI Cover) или приключения Неко-Арк в Стерлипариже [wScHSv57naU].opus
Stan,Neco Arc [A.I. Cover] [Ut508uEV0Kk],undefined,undefined,undefined,/home/user/OldMusic/neco-covers/Stan - Neco Arc [A.I. Cover] [Ut508uEV0Kk].opus
unknown,Without Neco arc... (Original video) [O9lIdk7xhbY],undefined,undefined,undefined,/home/user/OldMusic/neco-covers/Without Neco arc... (Original video) [O9lIdk7xhbY].opus
Neco Arc,Falling behind,undefined,undefined,undefined,/home/user/OldMusic/neco-covers/last/Neco Arc - Falling behind.mp3
Neco Arc,Raindrops keep falling on my head,undefined,undefined,undefined,/home/user/OldMusic/neco-covers/last/Neco Arc - Raindrops keep falling on my head.mp3
unknown,neco arc singing ＂falling behind＂ by laufey (ai cover) [UrKphjXGqcI],undefined,undefined,undefined,/home/user/OldMusic/neco-covers/neco arc singing ＂falling behind＂ by laufey (ai cover) [UrKphjXGqcI].opus
КровоNeco Arc,Котофибия (Neco Arc AI Cover) [khDKwrFIBdY],undefined,undefined,undefined,/home/user/OldMusic/neco-covers/КровоNeco Arc - Котофибия (Neco Arc AI Cover) [khDKwrFIBdY].opus
Молчат НекоАрк – Судnya ｜ Молчат дома,Судно Neco-Arc (AI Cover) [1VawjUuAccI],undefined,undefined,undefined,/home/user/OldMusic/neco-covers/Молчат НекоАрк – Судnya ｜ Молчат дома - Судно Neco-Arc (AI Cover) [1VawjUuAccI].opus
unknown,Ночь в музее Неко-Арк ｜｜ Электрослабость — Леонид (Ночь в музее Якубовича) Neco-Arc (AI Cover) [D7FtZm3IGLU],undefined,undefined,undefined,/home/user/OldMusic/neco-covers/Ночь в музее Неко-Арк ｜｜ Электрослабость — Леонид (Ночь в музее Якубовича) Neco-Arc (AI Cover) [D7FtZm3IGLU].opus
